C | ca_canny | Caaba | cab | cab_rank | caba | cabal | cabala | cabalistic | cabana | cabaret | cabbage | cabbage_butterfly | cabbage-head | cabbage-rose | cabbala | cabbalistic | cabbie | cabin | cabin_boy | cabin_crew | cabin_cruiser | cabined | cabinet | cabinet_minister | cabinetmaker | cabinetwork | cable | cable_television | cable-cast | cablegram | cablese | cablet | cabling | cabman | cabochon | caboodle | caboose | cabotage | cabriole | cabriolet | cabstand | cacao | cacao_tree | cachalot | cache | cachectic | cachet | cachexy | cacique | cack-handed | cackle | cacology | cacophony | cactaceous | cacti | cactus | cacuminal | cad | cadastral | cadastre | cadaver | cadaveric | cadaverous | caddie | caddis | caddis_fly | caddish | caddy | cade | cadence | cadency | cadet | cadet_teacher | cadge | cadger | cadi | cadmium | cadre | caducity | caducous | caeca | caecum | Caesar | Caesarean | Caesarian | Caesarian_section | caesium | caesura | cafeteria | caff | caffeine | caftan | caf%C3%A9 | cage | cagey | cahoots | caiman | Cain | caique | cairn | cairngorm | caisson | caisson_disease | caitiff | cajole | cajolement | cajolery | cake | cake_ice | caked | cakewalk | caking_coal | calabar | calabash | calaber | calaboose | calamanco | calamitous | calamity | calamus | calash | calcareous | calceolaria | calces | calciferol | calcification | calcify | calcimine | calcinate | calcination | calcine | calcitrant | calcium | calculable | calculate | calculated | calculating | calculation | calculator | calculi | calculus | caldron | Caledonia | Caledonian | calefactory | calendar | calendar_year | calender | calends | calendula | calenture | calf | calf_love | calf_s_teeth | calf-knee | calf-length | calfskin | Caliban | caliber | calibrate | calibration | calibre | caliche | calico | calico_printer | calico_printing | calif | californium | calipash | calipee | calipers | caliph | caliphate | calisthenics | calk | calkin | call | call_box | call_down | call_girl | call_house | call_slot | call-in | call-over | call-up | callback | callboy | caller | calligraphy | calling | calling_card | callipers | callisthenics | callosity | callous | calloused | callousness | callow | callus | calm | calmative | calmly | calmness | calomel | caloric | calorie | calorific | calorification | calorifics | calorimeter | calory | calotte | caltrop | calumet | calumniate | calumniation | calumniator | calumniatory | calumnious | calumny | Calvados | Calvary | calve | calves | Calvinism | calvish | calx | calyces | calyx | cam | camaraderie | camarilla | camber | cambist | cambium | cambrel | Cambria | Cambrian | cambric | camcorder | came | camel | camelcade | cameleer | camellia | camelry | Camembert | cameo | camera | cameraman | camisole | camlet | camomile | camouflage | camp | camp_bed | camp_chair | camp_cot | camp_fever | camp_fire | camp_follower | campaign | campaigner | campanile | campanula | camper | campestral | campground | camphor | camphor_balls | camphorated | camphoric | camping | campion | campsite | campus | camshaft | camwood | can | can_opener | can_t | can-buoy | can-do | can-dock | Canaan | Canadian | canaille | canal | canalization | canalize | canap%C3%A9 | canard | canary | canary-bird | canasta | canaster | cancan | cancel | cancellated | cancellation | cancer | cancerous | cancroid | candelabra | candelabrum | candescence | candescent | candid | candidacy | candidate | candidature | candied | candle | candle-end | candlebomb | candleholder | candlelight | candlepower | candlestick | candlewick | candour | candy | candyfloss | candyman | candytuft | cane | cane_chair | cane_sugar | canebrake | canicular | canine | canister | canister_shot | canker | cankerous | cankerworm | cannabic | cannabis | canned | canned_laughter | cannelure | cannery | cannibal | cannibalism | cannibalize | cannikin | canning | cannon | cannon_bone | cannon_fodder | cannon-bit | cannon-shot | cannonade | cannonball | cannoneer | cannot | canny | canoe | canon | canon_law | canonical | canonization | canonize | canoodle | canopy | canorous | cant | Cantab | Cantabrigian | cantaloup | cantankerous | cantata | canteen | canter | canterbury | canticle | cantilever | canting | canto | canton | cantonal | cantonment | cantrip | canty | Canuck | canvas | canvass | canvasser | cany | canyon | caoutchouc | cap | cap-band | cap-%C3%A0-pie | capability | capable | capacious | capacitance | capacitate | capacity | caparison | cape | caper | capercaillie | capercailzie | capful | capias | capillarity | capillary | capita | capital | capital_flight | capital_investment | capitalism | capitalist | capitalistic | capitalization | capitalize | capitally | capitate | capitated | capitation | Capitol | capitulate | capitulation | capon | caponier | capote | capper | cappucino | caprice | capricious | Capricorn | caprine | capriole | capsicum | capsize | capstan | capstone | capsule | captain | captaincy | captainship | captation | caption | captious | captivate | captivating | captive | captive_balloon | captivity | captor | capture | Capuchin | car | car_coat | car_hire | car_park | car_wash | car-pool | car-port | carabine | carabineer | caracal | caracole | caracul | carafe | caramel | carapace | carat | caravan | caravanserai | caravel | caraway | carb | carbarn | carbide | carbine | carbineer | carbohydrate | carbolic | carbon | carbon_copy | carbon_monoxide | carbon_paper | carbonaceous | carbonari | carbonate | carbonated | carbonic | carboniferous | carbonization | carbonize | carborundum | carboy | carbs | carbuncle | carburet | carburetor | carburetter | carburettor | carcajou | carcase | carcass | carcinogen | carcinoma | card | card_index | card-carrying | cardamom | cardan | cardboard | carder | cardiac | cardiac_arrest | cardigan | cardinal | cardiogram | cardiology | cardmember | cardsharp | cardy | care | care_label | careen | careenage | career | career_woman | career-guidance | careerist | carefree | careful | carefully | careless | carelessly | carer | caress | caret | caretaker | careworker | careworn | carfare | carfax | cargo | carhop | cariboo | caribou | caricature | caricaturist | caries | carillon | caring | carious | carjack | carload | Carmagnole | carman | Carmelite | carminative | carmine | carnage | carnal | carnality | carnation | carnival | carnivore | carnivorous | carol | Caroline | carom | carotene | carotid | carotin | carouse | carousel | carp | carpal | carpel | carpenter | carpenter-ant | carpenter-bee | carpentry | carper | carpet | carpet_bombing | carpet-knight | carpet-rod | carpet-sweeper | carpetbag | carpetbagger | carpi | carping | carpus | carrageen | carragheen | carrel | carriage | carriage_dog | carriage-company | carriage-forward | carriage-free | carriage-outwards | carriageable | carriageway | carrier | carrier_bag | carrier_pigeon | carrier_rocket | carrier-borne | carrier-nation | carrier-plane | carriole | carrion | carrion_crow | carrot | carrot_and_stick | carroty | carrousel | carry | carry-over | carryall | carrycot | carrying_capacity | carrying_trade | carryings-on | carryon | carsick | cart | cart-road | cart-track | cartage | carte | carte_blanche | cartel | carter | Cartesian | cartful | Carthaginian | carthorse | Carthusian | cartilage | cartilaginous | cartload | cartographer | cartographic | cartographical | cartography | cartomancy | carton | cartoon | cartoonist | cartouche | cartridge | cartridge_belt | cartridge_box | cartridge_case | cartridge_clip | cartridge_paper | cartridge-pouch | cartulary | cartwheel | cartwright | caruncle | carve | carve-up | carvel | carvel-built | carven | carver | carving | carving_chisel | carving_knife | caryatid | cascade | case | case_history | case_knife | case_law | case_shot | case_study | case_work | case-harden | case-hardened | case-hardening | case-record | case-worm | casein | casemate | casement | caseous | casern | caserne | cash | cash_and_carry | cash_book | cash_card | cash_crop | cash_dispenser | cash_flow | cash_register | cashew | cashier | cashmere | cashpoint | casing | casino | cask | casket | cassation | cassava | casserole | cassette | cassette_player | cassette_recorder | cassia | cassock | cassowary | cast | cast_iron | cast-iron | cast-off | castanets | castaway | caste | castellan | castellated | caster | caster_sugar | castigate | casting | casting_voice | casting_vote | castle | castle-builder | castor | castor_oil | castor_sugar | castrate | castration | casual | casually | casualty | casualty_clearing_station | casualty_department | casualty_list | casuist | casuistic | casuistical | casuistry | casus_belli | cat | cat_suit | cat_s_meat | cat_s_whisker | cat_s-paw | cat-and-mouse | cat-ice | cat-lap | cat-o_-mountain | cat-o_-nine-tails | cat-sleep | cataclysm | catacomb | catafalque | Catalan | catalepsy | cataleptic | catalog | catalogue | catalogue_raisonn%C3%A9 | cataloguer | catalysis | catalyst | catalyzer | catamaran | catamite | catamountain | cataplasm | catapult | cataract | catarrh | catastrophe | catastrophic | catbird | catboat | catcall | catch | catch-22 | catchall | catcher | catching | catchment | catchment_area | catchment_basin | catchpenny | catchphrase | catchpoll | catchup | catchword | catchy | catechism | catechize | catechu | catechumen | categorical | categorize | category | catena | catenae | catenarian | catenary | catenate | catenation | cater | cater-cousin | caterer | catering | caterpillar | caterwaul | catgut | catharsis | cathartic | Cathay | cathead | cathedral | Catherine_wheel | catheter | cathode | cathode-ray_tube | Catholic | Catholicism | catholicity | catholicize | cation | catkin | catlick | catlike | catling | catmint | catnap | catnip | catoptric | catoptrics | catsup | cattily | cattish | cattle | cattle_grid | cattle_truck | cattle-dealer | cattle-feeder | cattle-leader | cattle-lifter | cattle-pen | cattle-ranch | cattle-rustler | cattleman | catty | catwalk | Caucasian | caucus | caudal | caudate | caudle | caught | caul | cauldron | caulescent | cauliflower | caulk | caulker | causal | causality | causation | causative | cause | cause_c%C3%A9l%C3%A8bre | cause_list | causeless | causer | causerie | causeway | causey | caustic | causticity | cauterization | cauterize | cautery | caution | caution_board | caution_money | cautionary | cautious | cavalcade | cavalier | cavalry | cavalryman | cave | cave-dweller | cave-in | caveat | caveat_emptor | caveman | cavendish | caver | cavern | cavernous | caviar | caviare | cavil | caviller | cavity | cavity_magnetron | cavort | cavy | caw | cay | cayenne_pepper | cayman | ca%C3%B1on | CD | CD_player | CD-ROM | cease | cease-fire | ceaseless | cecils | cecity | cedar | cede | cedilla | ceil | ceiling | celadon | celandine | celebrant | celebrate | celebrated | celebration | celebrity | celerity | celery | celestial | celibacy | celibatarian | celibate | cell | cellar | cellarage | cellarer | cellaret | cellist | cello | cellophane | cellphone | cellular | cellular_phone | cellulate | cellule | cellulite | celluloid | cellulose | Celsius | Celt | celt | Celtic | celticism | celtuce | cembalo | cement | cement_mixer | cementation | cemetery | cenotaph | cense | censer | censor | censorial | censorious | censorship | censurable | censure | census | census-paper | cent | cental | centaur | centenarian | centenary | centennial | center | centering | centesimal | centigrade | centigram | centigramme | centime | centimeter | centimetre | centipede | centner | central | central_heating | central_reservation | centralization | centralize | centre | centre_forward | centre_half | centre-section | centreboard | centrefold | centreing | centrepiece | centric | centrical | centrifugal | centrifuge | centring | centripetal | centrist | centuple | centuplicate | centurion | century | century_plant | cep | cephalic | cephalitis | cephalopoda | ceramet | ceramic | ceramics | ceramist | cerastes | cerate | cere | cereal | cerebellum | cerebral | cerebration | cerebrum | cerecloth | cerement | ceremonial | ceremonious | ceremony | Ceres | cerise | cerium | cermet | ceroplastics | certain | certainly | certainty | certifiable | certificate | certificated | certification | certify | certitude | cerulean | cerumen | ceruse | cervelat | cervical | cervices | cervine | cervix | cesium | cess | cessation | cession | cesspit | cesspool | cestode | cestoid | cetacean | cetaceous | cevitamic_acid | chador | chafe | chafer | chaff | chaff-cutter | chaffer | chaffinch | chaffy | chafing_dish | chafing-gear | chagrin | chain | chain_gang | chain_letter | chain_mail | chain_rule | chain_stitch | chain_stores | chain-smoke | chain-smoker | chainlet | chair | chair_lift | chair_warmer | chair-bed | chair-car | chairman | chairmanship | chairperson | chairwoman | chaise | chaise_longue | chakra | chalcedony | chalcography | Chaldean | chaldron | chalet | chalk | chalk-stone | chalky | challenge | challenger | challenging | chalybeate | chamber | chamber_pot | chamberlain | chambermaid | chameleon | chamfer | chamois | champ | champagne | champaign | champerty | champignon | champion | championship | chance | chance-comer | chance-medley | chanceful | chancel | chancellery | chancellor | chancellory | chancery | chancre | chancroid | chancy | chandelier | chandler | chandlery | change | change_machine | changeability | changeable | changeful | changeless | changeling | changeover | changing_room | channel | chanson | chant | chantage | chanter | chanterelle | chantey | chanticleer | chantry | chanty | chaos | chaotic | chap | chaparral | chapbook | chape | chapel | chaperon | chapfallen | chapiter | chaplain | chaplet | chapman | chapped | chappie | chappy | chapter | char | charabanc | character | character_actor | character_assasination | character_code | characteristic | characteristically | characterization | characterize | characterless | charade | charcoal | charcoal-burner | chare | charge | charge_card | charge_hand | charge_nurse | charge_sheet | chargeable | charged | charger | charg%C3%A9_d_affaires | charg%C3%A9s_d_affaires | chariness | chariot | charioteer | charisma | charismata | charismatic | charitable | charity | charity_school | charity_shop | charivari | charlatan | Charles_s_Wain | Charleston | Charley | charley_horse | Charlie | charlie | charlock | charlotte | charm | charmed | charmed_circle | charmer | charming | charnel_house | charred | chart | charter | chartered | charterer | Charterhouse | charterparty | chartism | chartist | chartreuse | charwoman | chary | chase | chaser | chasing | chasm | chassis | chaste | chasten | chastened | chastening | chastise | chastisement | chastity | chasuble | chat | chat_show | chat-up_line | chatelaine | chatline | chatoyant | chattel | chatter | chatterbox | chatterer | chatty | Chaucerian | chauffer | chauffeur | chauvinism | chauvinist | chaw | chaw-bacon | cheap | cheap_shot | cheap-jack | cheapen | cheaper | cheaply | cheapo | cheapskate | cheat | cheater | cheating | check | check-in | check-nut | check-off | check-taker | checker | checkerboard | checkered | checkerers | checking_account | checking-room | checklist | checkmate | checkout | checkpoint | checkroom | checkrow | checkup | checkweigher | Cheddar | cheek | cheek-tooth | cheekbone | cheeky | cheep | cheeper | cheer | cheerful | cheerio | cheerleader | cheerless | cheery | cheese | cheeseboard | cheeseburger | cheesecake | cheesecloth | cheesemonger | cheeseparing | cheesy | cheetah | chef | chef_d_oeuvre | chefs_d_oeuvre | cheiromancy | cheiroptera | chela | chelae | chemical | chemise | chemisette | chemist | chemistry | chemotherapy | chenille | cheque | chequebook | chequer | chequer-wise | chequered | cherish | cherished | cheroot | cherry | cherry_brandy | cherry-pie | cherry-stone | cherry-tree | chert | cherub | cherubic | cherubim | chervil | chess | chess-player | chessboard | chessman | chest | chest-note | chest-voice | chesterfield | chestnut | chesty | cheval_glass | chevalier | chevaux_de_frise | cheviot | chevron | chevy | chew | chewing_gum | chiaroscuro | chiasmus | chibouk | chibouque | chic | chicane | chicanery | chick | chick_pea | chickabiddy | chickadee | chickaree | chicken | chicken_feed | chicken-breasted | chicken-liver | chickenhearted | chickenpox | chickling | chickweed | chicle | chicory | chid | chidden | chide | chief | Chief_Constable | Chief_Justice | Chief_of_Staff | chiefly | chieftain | chieftaincy | chieftainship | chiffchaff | chiffon | chiffonier | chignon | chigoe | chihuahua | chilblain | child | child_benefit | child_care | child_prodigy | child_s_play | childbearing | childbed | childbirth | Childermas | childhood | childish | childless | childlike | childly | childminder | childproof | children | Chilean | chili | chiliad | Chilian | chill | chiller | chilli | chilling | chilly | Chiltern_Hundreds | chimb | chime | chimera | chimerical | chimney | chimney_corner | chimney_pot | chimney_stack | chimney_sweep | chimney_sweeper | chimney-cap | chimney-stalk | chimneypiece | chimp | chimpanzee | chin | chin-chin | China | china | china_clay | China_ink | china-closet | Chinaman | chinaman | Chinatown | chinaware | Chinawoman | chinch | chinchilla | chine | Chinee | Chinese | Chinese_chequers | Chink | chink | chinkapin | chinquapin | chintz | chinwag | chip | chip_basket | chip_plate | chip_shop | chipboard | chipmuck | chipmunk | Chippendale | chipper | chippie | chippings | chippy | chirk | chirm | chiromancy | chiropodist | chiropody | chirp | chirpy | chirr | chirrup | chirruper | chisel | chiselled | chit | chitchat | chiton | chitterlings | chivalrous | chivalry | chive | chivied | chivvy | chivy | chloral | chlorate | chloric | chloride | chlorinate | chlorinated | chlorination | chlorine | chloroform | chlorophyll | chlorosis | chlorous | choc | chock | chock-a-block | chock-full | chocolate | choice | choicely | choir | choirboy | choirmaster | choke | choke-coil | choke-full | choked | chokedamp | choker | choky | cholera | choleraic | choleric | cholerine | cholesterol | choose | chooser | choosy | chop | chop-chop | chophouse | chopper | chopper_switch | chopping_board | choppy | chopsticks | chopsuey | choral | chorale | chord | chorda | chordae | chore | chorea | choree | choreographer | choreographic | choreography | choriamb | chorine | chorister | chortle | chorus | chose | chosen | chough | choultry | chouse | chow | chow-chow | chowder | chrestomathy | chrism | Christ | christen | Christendom | christening | Christian | Christianity | christianize | Christmas | Christmas_box | Christmas_Eve | Christmas_tree | Christmassy | Christmastide | Christy_minstrels | chromatic | chromatics | chrome | chromic | chromium | chromolithograph | chromosome | chromosphere | chromotype | chronic | chronicle | chronicler | chronograph | chronologic | chronological | chronology | chronometer | chronopher | chrysalides | chrysalis | chrysanthemum | chryselephantine | chrysolite | chrysoprase | chub | chubby | chuck | chuck-farthing | chuckle | chucklehead | chuddar | chuff | chuffed | chug | chum | chummage | chummery | chummy | chump | chunk | chunking | chunky | Chunnel | church | church_service | church-owl | church-rate | church-text | churchgoer | churchman | churchwarden | churchy | churchyard | churl | churlish | churn | churn-staff | chut | chute | chutist | chyle | chyme | ch%C3%A2teau | ch%C3%A2teaux | ci-devant | ciao | cicada | cicatrice | cicatrization | cicely | Cicero | cicerone | ciceroni | Ciceronian | cider | cigar | cigar_holder | cigarette | cigarette_case | cigarette_end | cigarette_holder | cigarette_lighter | cigarette_paper | cigarette_stub | ciggy | cilery | cilia | ciliary | ciliated | cilice | cillery | Cimmerian | cinch | cinchona | cincture | cinder | cinder-box | cinder-path | cinder-sifter | cinder-track | Cinderella | cine_camera | cine_film | cine-projector | cineaste | cinema | cinema-circuit | cinema-goer | cinemactor | cinemactress | cinemaddict | cinemascope | cinematics | cinematograph | cinematographic | cinematography | cinerama | cineraria | cinerarium | cinerary | cinereous | Cingalese | cinnabar | cinnamon | cinq | cinque | Cinque_Ports | cipher | circa | Circassian | Circe | circle | circlet | circs | circuit | circuit_breaker | circuitous | circular | circularity | circularize | circulate | circulating | circulation | circulator | circulatory | circum | circum-meridian | circumambient | circumambulate | circumaviate | circumbendibus | circumcise | circumcision | circumference | circumferential | circumflex | circumfluent | circumfluous | circumgyration | circumjacent | circumlittoral | circumlocution | circumlocutional | circumlocutory | circumnavigate | circumnavigation | circumnavigator | circumpolar | circumscribe | circumscription | circumsolar | circumspect | circumspection | circumspective | circumstance | circumstanced | circumstantial | circumstantiality | circumstantially | circumvent | circumvention | circumvolution | circus | cirque | cirrhosis | cirri | cirrocumulus | cirrostratus | cirrous | cirrus | cisalpine | cisatlantic | cissy | cist | Cistercian | cistern | citadel | citation | cite | cither | cithern | citified | citify | citizen | citizenry | citizenship | citrate | citric | citrine | citron | citrus | cits | cittern | city | city-state | cityfied | civet | civet_cat | civic | civic-minded | civics | civil | civil_engineering | civil-spoken | civilian | civility | civilization | civilize | civilized | civilly | civvy | civy | clack | clack_valve | clad | claim | claim_check | claim_form | claimant | claiming_race | clairvoyance | clairvoyant | clam | clamant | clamber | clambering_plant | clamminess | clammy | clamorous | clamour | clamp | clampdown | clamshell | clan | clandestine | clang | clanger | clangour | clank | clannish | clanship | clansman | clap | clap-net | clapboard | clapper | clapperboard | clapperclaw | claptrap | claque | claqueur | clarence | clarendon | claret | claret-cup | clarification | clarify | clarinet | clarinettist | clarion | clarionet | clarity | clary | clash | clasp | clasp_knife | clasp-pin | class | class_consciousness | class-fellow | classic | classical | classicism | classicize | classification | classified | classify | classless | classman | classmate | classroom | classy | clastic | clatter | clause | claustrophobia | clave | clavecin | clavichord | clavicle | clavicular | clavier | claw | claw_hammer | clay | clay_pigeon | clayey | claymore | clean | clean-cut | clean-fingered | clean-handed | clean-limbed | clean-shaven | cleaner | cleaners | cleaning | cleanliness | cleanly | cleanness | cleanse | cleanskin | cleanup | clear | clear-cut | clear-out | clear-sighted | clear-starch | clear-up | clearance | clearcole | clearheaded | clearing | clearing_bank | clearing_station | clearing-off | clearinghouse | clearly | clearstory | clearway | cleat | cleavage | cleave | cleaver | cleavers | clef | cleft | cleg | clem | clematis | clemency | clement | clench | clepsydra | clerestory | clergy | clergyman | cleric | clerical | clericalism | clericalist | clerihew | clerk | clerkly | clerkship | clever | cleverly | cleverness | clevis | clew | clewline | clich%C3%A9 | click | click_beetle | clicker | client | client_state | clientage | clientele | cliff | cliff-hanger | climacteric | climate | climatic | climatology | climax | climb | climb-down | climber | climbing | climbing_irons | clime | clinch | clincher | cling | clingstone | clingy | clinic | clinical | clink | clinker | clinker-built | clinking | clinkstone | clinometer | clip | clipboard | clipper | clippie | clipping | clipping_room | clique | cliquey | clitoris | clivers | cloaca | cloak | cloak-and-dagger | cloak-and-sword | cloakroom | clobber | cloche | clock | clock-case | clock-face | clock-glass | clock-house | clock-watcher | clocking | clockwise | clockwork | clod | cloddish | clodhopper | clodpoll | clog | cloggy | cloisonn%C3%A9 | cloister | cloistered | cloisterer | cloistral | cloistress | clone | cloning | clonk | clonus | clop | close | close-grained | close-hauled | close-in | close-knit | close-out | close-up | closed | closed_circuit | closedown | closefisted | closely | closely-knit | closeness | closestool | closet | closing | closing_price | closing_time | closure | clot | cloth | clothe | clothes | clothes_basket | clothes_brush | clothes-bag | clothes-man | clothes-press | clotheshorse | clothesline | clothespin | clothier | clothing | clotted | clotted_cream | cloture | clou | cloud | cloud-capped | cloud-castle | cloud-drift | cloud-world | cloudberry | cloudburst | cloudland | cloudless | cloudlet | cloudy | clout | clout_nail | clove | clove_hitch | clove-gillyflower | cloven | clover | clow | clown | clownery | clownish | cloy | club | club_sandwich | club-law | club-shaped | clubbable | clubbing | clubfoot | clubfooted | clubman | clubwoman | cluck | clue | clued-up | clump | clumsy | clung | clunk | cluster | clutch | clutter | Clydesdale | clyster | co | co-ax | co-determination | co-latitude | co-op | co-opt | co-optation | co-ownership | co-pilot | co-respondent | co-star | co-worker | coach | coach_box | coach_house | coachman | coadjutor | coagulant | coagulate | coagulation | coal | coal_black | coal_gas | coal_measures | coal_miner | coal_seam | coal_tar | coal-bed | coal-burner | coal-cutter | coal-dust | coal-flap | coal-heaver | coal-pit | coal-plough_machine | coal-scuttle | coaler | coalesce | coalescence | coalfield | coalhole | coaling | coaling_station | coalite | coalition | coalitionist | coalman | coalmine | coaly | coaming | coarse | coarse-grained | coarsen | coast | coast_waiter | coast_warning | coastal | coaster | coastguard | coasting | coastline | coastwise | coat | coatee | coating | coauthor | coax | coaxal | coaxial | coaxing | cob | cob-swan | cobalt | cobber | cobble | cobbler | cobblestone | cobby | coble | cobnut | cobra | cobweb | cobwebby | coca | coca-cola | cocaine | cocainize | cocci | coccus | coccyx | cochin | cochin-china | cochineal | cochlea | cochleae | cochleare | cock | -cock | cock_sparrow | cock-a-doodle-doo | cock-a-hoop | cock-and-bull | cock-up | cockade | Cockaigne | cockalorum | cockatoo | cockatrice | Cockayne | cockboat | cockchafer | cockcrow | cocked | cocked_hat | Cocker | cocker | cocker_spaniel | cockerel | cockeye | cockeyed | cockfight | cockfighting | cockhorse | cockiness | cockle | cockle-boat | cockleshell | cockloft | cockney | cockpit | cockroach | cockscomb | cocksfoot | cockshead | cockshot | cockshy | cocksure | cockswain | cocksy | cocktail | cocky | cocky-leeky | coco | coco_palm | cocoa | cocoa-husks | cocoa-nut | cocoa-shells | coconut | coconut_tree | cocoon | cocooned | cocoonery | cocotte | cod | cod-liver_oil | coda | coddle | code | code_word | coded | codeine | coder | codex | codfish | codger | codices | codicil | codification | codify | coding | codswallop | coed | coeducation | coefficient | coemption | coenobite | coequal | coerce | coercible | coercion | coercive | coeval | coexist | coexistence | coexistent | coextensive | coffee | coffee_break | coffee_cup | coffee_grinder | coffee_grounds | coffee_mill | coffee_table | coffee-bean | coffee-room | coffee-table_book | coffeehouse | coffeepot | coffer | cofferdam | coffin | coffin_bone | cog | cogence | cogency | cogent | cogged | cogitable | cogitate | cogitation | cogitative | cognac | cognate | cognation | cognition | cognitive | cognizable | cognizance | cognizant | cognize | cognomen | cognoscente | cognoscenti | cognovit | cogwheel | cohabit | cohabitant | cohabitation | coheir | coheiress | cohere | coherence | coherency | coherent | coherer | cohesion | cohesive | cohort | coif | coiffeur | coiffure | coign | coil | coil_pipe | coin | coin_box | coinage | coincide | coincidence | coincident | coincidental | coiner | coir | coition | coitus | coke | coke-oven | coking | col | col_82f | cola | colander | cold | cold_chisel | cold_cream | cold_fish | cold_shoulder | cold_storage | cold_turkey | cold-blooded | cold-hammer | cold-hardening | cold-livered | cold-short | cold-shoulder | cold-slaw | coldframe | coldhearted | coldish | coldly | coldness | cole | cole-rape | cole-seed | coleopterous | coleslaw | colic | colicky | Coliseum | colitis | collaborate | collaboration | collaborationist | collaborative | collaborator | collage | collagen | collapsable | collapse | collapsible | collar | collarbone | collaret | collarette | collate | collateral | collateral_damage | collation | colleague | collect | collectable | collectanea | collected | collectible | collection | collective | collective_farm | collective_farmer | collectivism | collectivity | collectivization | collector | collector_s_item | colleen | college | colleger | collegian | collegiate | collet | collide | collie | collier | colliery | colligate | collision | collocate | collocation | collocutor | collodion | collogue | colloid | colloidal | collop | colloquial | colloquialism | colloquy | collude | collusion | collusive | colly | collywobbles | cologne | Colombian | colon | colonel | colonelcy | colonial | colonialism | colonialist | colonist | colonization | colonize | colonizer | colonnade | colony | colophon | colophony | color | Colorado_beetle | coloration | coloratura | colorific | colossal | Colosseum | colossi | colossus | colour | colour_bar | colour_blindness | colour_film | colour_filter | colour_supplement | colour-blind | colour-box | colour-fast | colour-man | colour-printing | colour-process | colourable | colourant | colouration | colourcast | coloured | colourful | colouring | colouring_book | colourless | colourwash | colporteur | colposcopy | Colt | colt | colter | coltish | coltsfoot | colubrine | columbaria | columbarium | Columbian | Columbine | columbine | column | columnar | columned | columnist | colza | colza-oil | com | coma | comae | comatose | comb | comb-out | combat | combatant | combative | combats | combe | comber | combination | combination_room | combinative | combinatorial | combine | combine_harvester | combined | combing_machine | combings | combo | combs | combust | combustibility | combustible | combustion | come | come-and-go | come-at-able | come-between | come-by-chance | come-off | comeback | comedian | comedienne | comedietta | comedo | comedones | comedown | comedy | comeliness | comely | comer | comestible | comet | comeuppance | comfit | comfort | comfort_station | comfortable | comforter | comforting | comfortless | comfy | comic | comic_book | comical | comicality | coming | coming-in | coming-out | comings_and_goings | comity | comma | command | command_economy | command_module | command-in-chief | commandant | commandeer | commander | Commander-in-Chief | commanding | commandment | commando | comme_il_faut | commemorate | commemoration | commemorative | commence | commencement | commend | commendable | commendation | commensal | commensurable | commensurate | comment | commentary | commentation | commentator | commerce | commercial | commercial_bank | commercial_break | commercialese | commercialism | commercialize | Commie | commination | commingle | comminute | comminuted | comminution | commiserate | commiseration | commiserative | commissar | commissariat | commissary | commission | commissionaire | commissioned | commissioner | commit | commitment | committal | committee | committeeman | commixture | commode | commodious | commodity | commodore | common | common_cold | common_council | common_denominator | common_ground | common_law | common_room | commonable | commonage | commonalty | commoner | commonly | commonness | commonplace | commonplace_book | commons | commonsensical | commonweal | commonwealth | commotion | communal | communalize | Communard | commune | communicable | communicant | communicate | communicating | communication | communicative | communicator | communion | communion-table | communiqu%C3%A9 | communism | communist | communistic | communitarian | community | community_service | commutable | commutation | commutator | commute | commuter | commuter_belt | commuterville | comp | compact | compact_disc | compacted | compages | companion | companion-in-arms | companion-ladder | companionable | companionate | companionship | companionway | company | company_car | company_checkers | company_spotters | comparable | comparative | comparatively | compare | comparison | compartment | compass | compass_point | compassion | compassionate | compatibility | compatible | compatriot | compeer | compel | compelling | compendia | compendious | compendium | compensate | compensation | compensative | compensator | compensatory | compere | compete | competence | competency | competent | competition | competitioner | competitive | competitor | compilation | compile | compiler | complacence | complacency | complacent | complain | complainant | complainer | complaint | complaisance | complaisant | complement | complementary | complete | completely | completeness | completion | completive | complex | complexion | -complexioned | complexity | compliance | compliant | complicacy | complicate | complicated | complication | complice | complicity | compliment | complimentary | complin | compline | comply | component | comport | comportment | compos | compos_mentis | compose | composed | composer | composing | composing_stick | composing-machine | composing-room | composite | composition | composition-metal | compositor | compost | composure | compote | compound | compound_interest | comprador | comprehend | comprehensible | comprehension | comprehensive | compress | compressed | compressibility | compressible | compression | compressor | comprise | compromise | compromiser | compromising | comprovincial | comptometer | comptroller | compulsion | compulsive | compulsory | compunction | compunctious | computable | computation | compute | computer | computer_game | computer_literate | computer_programmer | computerate | computerization | computerize | computing | comrade | comrade-in-arms | comradely | comrades-in-arms | comradeship | comsat | con | con_516 | conation | concatenate | concatenation | concave | concavity | concavo-concave | concavo-convex | conceal | concealer | concealment | concede | conceit | conceited | conceivable | conceivably | conceive | conceiving | concelebrate | concentrate | concentrated | concentration | concentre | concentric | concentrically | concentricity | concept | conception | conceptual | conceptualize | concern | concerned | concerning | concernment | concert | concerted | concerti | concertina | concerto | concession | concessionaire | concessionary | concessioner | concessive | conch | concha | conchie | conchoid | conchology | concierge | concilia | conciliate | conciliation | conciliator | conciliatory | concilium | concise | conciseness | concision | conclave | conclude | concluding | conclusion | conclusive | concoct | concoction | concomitance | concomitant | concord | concordance | concordant | concordat | concourse | concrescence | concrete | concrete_mixer | concretion | concretionary | concretize | concubinage | concubine | concupiscence | concupiscent | concur | concurrence | concurrent | concurrently | concuss | concussion | condemn | condemnation | condemnatory | condemned | condensable | condensate | condensation | condense | condensed | condenser | condescend | condescending | condescension | condign | condiment | condition | conditional | conditional_discharge | conditioned | conditioner | conditioning | condo | condolatory | condole | condolence | condom | condominium | condonable | condonation | condone | condor | conduce | conducive | conduct | conductance | conducted_tour | conduction | conductive | conductivity | conductor | conductress | conduit | cone | coney | confab | confabulate | confabulation | confect | confection | confectioner | confectioner_s | confectionery | confederacy | confederate | confederation | confer | conferee | conference | conferment | conferva | confess | confessant | confessedly | confession | confessional | confessor | confetti | confidant | confidante | confide | confidence | confidence_trick | confident | confidential | confidentiality | confidentially | configuration | confine | confined | confinement | confines | confirm | confirmand | confirmation | confirmative | confirmatory | confirmed | confiscate | confiscation | confiture | conflagration | conflate | conflict | conflicting | confluence | confluent | conflux | conform | conformable | conformation | conformist | conformity | confound | confounded | confoundedly | confraternity | confront | confrontation | confr%C3%A8re | Confucianism | confuse | confused | confusedly | confusion | confutation | confute | cong | conga | congeal | congelation | congener | congeneric | congenerical | congenerous | congenial | congeniality | congenital | conger | congeries | congest | congested | congestion | conglobate | conglomerate | conglomeration | conglutination | Congolese | congrats | congratulate | congratulation | congratulatory | congregant | congregate | congregation | Congregationalism | congress | congressional | Congressman | congruence | congruent | congruous | conic | conical | conifer | coniferous | coniform | conjectural | conjecture | conjoin | conjoined_twins | conjoint | conjugal | conjugality | conjugate | conjugation | conjunct | conjunction | conjunctiva | conjunctive | conjunctivitis | conjuncture | conjuration | conjure | conjurer | conjuror | conk | conker | conman | conn | connate | connatural | connect | connected | connecting_rod | connecting-link | connection | connective | connexion | conning_tower | conniption | connivance | connive | connoisseur | connotation | connote | connubial | conoid | conquer | conqueror | conquest | conquistador | consanguine | consanguineous | consanguinity | conscience | conscience-smitten | conscience-stricken | conscienceless | conscientious | conscious | -conscious | consciousness | conscript | conscription | consecrate | consecration | consecution | consecutive | consensual | consensus | consent | consentient | consequence | consequent | consequential | consequently | conservancy | conservation | conservationist | conservatism | conservative | conservatoire | conservator | conservatory | conserve | consider | considerable | considerably | considerate | consideration | considered | considering | consign | consignation | consignee | consigner | consignment | consignor | consilient | consist | consistence | consistency | consistent | consistory | consociation | consolation | consolatory | console | console-mirror | consolidate | consolidated | consolidation | consols | consomm%C3%A9 | consonance | consonant | consonantal | consort | consortium | conspectus | conspicuous | conspiracy | conspirator | conspiratorial | conspire | constable | constabulary | constancy | constant | constantan | constantly | constellate | constellation | consternation | constipate | constipation | constituency | constituent | constitute | constituted | constitution | constitutional | constitutionalism | constitutive | constitutor | constrain | constrained | constrainedly | constraint | constrict | constriction | constrictor | constringent | construct | construction | constructional | constructionism | constructive | constructor | construe | consubstantial | consuetude | consuetudinary | consul | consul_general | consular | consulate | consulship | consult | consultant | consultation | consultative | consulting | consumable | consumables | consume | consumed | consumer | consumer_durables | consumerizm | consuming | consummate | consummately | consummation | consumption | consumptive | contact | contact-breaker | contactman | contactor | contagion | contagious | contain | container | container_ship | containerize | containment | contaminate | contaminated | contamination | contango | contemn | contemplate | contemplation | contemplative | contemporaneity | contemporaneous | contemporary | contemporize | contempt | contemptible | contemptuous | contemptuously | contend | contender | content | contented | contention | contentious | contentment | conterminal | conterminous | contest | contestant | contestation | contested | context | contextual | contexture | contiguity | contiguous | continence | continent | continental | continental_breakfast | contingency | contingent | continual | continuance | continuant | continuation | continue | continued | continuing_education | continuity | continuous | contort | contortion | contortionist | contour | contra | contra_d76 | contraband | contrabandist | contrabass | contraception | contraceptive | contract | contracted | contractile | contractility | contracting_parties | contraction | contractive | contractor | contractual | contradict | contradiction | contradictious | contradictor | contradictory | contradistinction | contradistinguish | contraflow | contrail | contraindication | contralto | contraposition | contraption | contrapuntal | contrariety | contrariness | contrariwize | contrary | contrast | contrasty | contravene | contravention | contretemps | contribute | contribution | contributor | contributory | contrite | contritely | contrition | contrivance | contrive | contriver | control | control_gear | control_panel | control_tower | control_unit | controllable | controller | controversial | controversialist | controversy | controvert | contumacious | contumacy | contumelious | contumely | contuse | contusion | conundrum | conurbation | convalesce | convalescence | convalescent | convection | convenances | convene | convener | conveniece_foods | convenience | convenient | convent | conventicle | convention | conventional | conventionalism | conventionality | conventionalize | conventual | converge | convergence | convergent | converging | conversable | conversance | conversant | conversation | conversational | conversationalist | conversazione | conversazioni | converse | conversely | conversion | convert | converter | convertibility | convertible | converting | convex | convexity | convexo-concave | convexo-convex | convey | conveyance | conveyancer | conveyancing | conveyor | conveyor_belt | convict | conviction | convince | convinced | convincing | convive | convivial | conviviality | convocation | convoke | convolute | convoluted | convolution | convolve | convolvulus | convoy | convulse | convulsion | convulsive | cony | coo | cook | cook_up | cook-chill | cook-galley | cook-general | cook-housemaid | cook-room | cook-shop | cook-table | cookbook | cooker | cookery | cookery_book | cookhouse | cookie | cookout | cookware | cooky | cool | coolant | cooler | coolheaded | coolie | cooling | cooling-off_period | coolness | coomb | coon | coop | cooper | cooperage | cooperate | cooperation | cooperative | cooperator | coordinate | coordination | coot | cootie | cop | copacetic | copaiba | copal | coparcenary | coparcener | copartner | cope | copeck | coper | copestone | coping | copingstone | copious | copper | copper-bottomed | copper-butterfly | copperas | copperhead | copperplate | coppersmith | coppery | coppice | copra | coproduction | copse | Copt | copter | _copter | Coptic | copula | copulate | copulation | copulative | copy | copybook | copycat | copyhold | copyholder | copying_pencil | copyist | copyreader | copyright | copywriter | coquet | coquetry | coquette | cor | coracle | coral | coral_island | coral_reef | coralline | corbel | corbie | corbie-steps | cord | cordage | cordate | corded | cordelier | cordial | cordiality | cordially | cordite | cordless | cordon | cordon_bleu | cordovan | corduroy | core | cored | coreligionist | coreopsis | corf | coriaceous | coriander | Corinthian | cork | cork-tree | corkage | corked | corker | corking | corkscrew | corkwood | corky | cormorant | corn | corn_cockle | corn_dodger | corn_pone | corn-chandler | corn-exchange | corn-floor | corn-rent | corn-stalk | corncob | corncrake | cornea | corneal | corned | cornel | cornelian | corneous | corner | corner-boy | cornercutting | cornered | cornerman | cornerstone | cornet | cornet-%C3%A0-pistons | cornets-%C3%A0-pistons | cornfield | cornflakes | cornflour | cornflower | cornice | cornicle | Cornish | cornmeal | cornopean | cornucopia | corny | corolla | corollary | corona | coronach | coronal | coronary | coronate | coronation | coroner | coronet | corpora | corporal | corporate | corporation | corporation_tax | corporative | corporator | corporeal | corporeality | corporeity | corposant | corps | corps_de_ballet | corpse | corpulence | corpulent | corpus | Corpus_Christi | corpus_delicti | corpuscle | corpuscular | corral | correct | correction | correctional | corrective | correctly | corrector | correlate | correlation | correlative | correspond | correspondence | correspondent | corresponding | corresponding_member | corrida | corridor | corrigenda | corrigendum | corrigible | corroborant | corroborate | corroborative | corroboratory | corrode | corroded | corrosion | corrosive | corrugate | corrugated | corrugation | corrupt | corruptibility | corruptible | corruption | corsac | corsage | corsair | corse | corselet | corset | corslet | cortege | Cortes | cortex | cortical | corticate | corticated | cortices | coruscate | coruscating | coruscation | corvette | corvine | corv%C3%A9e | corymb | corymbose | coryphaei | coryphaeus | coryph%C3%A9e | cos | _cos | cosaque | cose | cosecant | coseismal | cosh | cosher | cosignatory | cosily | cosine | cosiness | cosmetic | cosmetic_surgery | cosmetologist | cosmetology | cosmic | cosmodrome | cosmogony | cosmography | cosmology | cosmonaut | cosmonautics | cosmopolis | cosmopolitan | cosmopolitanism | cosmopolite | cosmopolitism | cosmos | Cossack | cosset | cost | costal | costard | coster | coster_monger | costive | costless | costliness | costly | costume | costume_jewellery | costume_piece | costumier | cosy | cot | cotangent | cote | cotenant | coterie | cothurni | cothurnus | cotidal | cotillion | cottage | cottage_industry | cottager | cottar | cotter | cottier | cotton | cotton_candy | cotton_gin | cotton_grass | cotton_mill | cotton_waste | cotton_weed | cotton_wool | cotton_yarn | cotton-cake | cotton-grower | cotton-lord | cotton-machine | cotton-picker | cotton-plant | cotton-planter | cotton-spinner | cottonocracy | Cottonopolis | cottontail | cottony | cotyledon | couch | couch_potato | couch-grass | couchette | cougar | cough | cough-drop | cough-lozenge | could | coulee | coulisse | couloir | coulomb | coulter | council | council_estate | council-board | councillor | councilman | counsel | counsellor | count | countable | countdown | countenance | counter | counter_attraction | counter_3f0 | counter-jumper | counteract | counteraction | counteractive | counterattack | counterbalance | counterblast | counterblow | countercharge | countercheck | counterclaim | counterclockwise | counterespionage | counterfeit | counterfoil | counterfort | counterintelligence | counterirritant | counterman | countermand | countermarch | countermark | countermeasure | countermine | counteroffensive | counterpane | counterpart | counterplot | counterpoint | counterpoise | counterproductive | counterproposal | counterrevolution | counterrevolutionary | counterscarp | countershaft | countersign | countersink | countervail | countervailing_duty | counterweigh | counterweight | counterwork | countess | counting-room | countinghouse | countless | countrified | country | country_cousin | country_dance | country_house | country_party | country_seat | country_town | countryfolk | countryman | countryside | countrywide | countrywoman | county | coup | coup_d_%C3%A9tat | coup_de_gr%C3%A2ce | couple | coupler | couplet | coupling | coupon | coup%C3%A9 | courage | courageous | courier | course | courser | court | court_card | court_plaster | court-martial | courteous | courtesan | courtesy | courtesy_light | courtezan | courthouse | courtier | courtliness | courtly | courtroom | courts_martial | courtship | courtyard | cousin | couth | couture | couturier | cove | coven | covenant | covenanted | coventrate | coventrize | cover | cover_charge | cover_crop | cover_girl | cover-point | cover-up | coverage | coverall | coveralls | covered | covering | coverlet | coverlid | covert | coverture | covet | coveted | covetous | covey | cow | cow-heel | cow-house | cow-leech | coward | cowardice | cowardly | cowberry | cowboy | cowcatcher | cower | cowfish | cowherd | cowhide | cowl | cowlick | cowling | cowman | cowpox | cowpuncher | cowrie | cowry | cowshed | cowslip | cox | coxcomb | coxcombical | coxcombry | coxswain | coxy | coy | coyote | coyoting | cozen | cozenage | cozy | crab | crabbed | crabber | crabby | crack | crack_house | crack-brained | crack-jaw | crackajack | crackdown | cracked | cracker | cracking | crackjack | crackle | crackling | cracknel | crackpot | cracksman | cracky | cradle | cradling | craft | craft-brother | craftily | craftiness | craftsman | craftsmanship | craftspeople | crafty | crag | craggy | cragsman | crake | cram | cram-full | crambo | crammed | crammer | cramp | cramp-fish | cramp-iron | cramped | crampon | cranage | cranberry | crane | crane_fly | cranesbill | crania | cranial | craniometry | cranium | crank | crankcase | cranked | crankshaft | crankweb | cranky | crannied | cranny | crap | crape | craped | craps | crapulence | crapulent | crapulous | crapy | craquelure | crash | crash_barrier | crash_course | crash_helmet | crash_landing | crash-land | crash-test | crashproof | crass | crassitude | cratch | crate | crater | cravat | crave | craven | craving | craw | crawfish | crawl | crawler | crawly | crayfish | crayon | craze | crazy | creak | creaky | cream | cream_cheese | cream_of_tartar | cream-coloured | cream-laid_paper | cream-wove_paper | creamer | creamery | creamy | crease | crease-resistant | creasy | create | creation | creative | creativity | creator | creature | credence | credent | credential | credibility | credibility_gap | credible | credit | credit_note | credit_rating | creditable | creditor | credo | credulity | credulous | creed | creek | creel | creep | creeper | creeping | creepy | creese | cremate | cremation | cremator | crematoria | crematorium | crematory | crenel | crenellated | crenelle | Creole | creosote | crepitate | crepitation | crept | crepuscular | crescendo | crescent | cress | cresset | crest | crested | crestfallen | cretaceous | Cretan | cretin | cretinism | cretonne | crevasse | crevice | crew | crew_cut | crew_neck | crewel | crib | cribbage | cribriform | crick | cricket | cried | crier | cries | crikey | crime | Crimean | criminal | criminalist | criminality | criminalize | criminally | criminate | crimination | criminative | criminatory | criminologist | criminology | crimp | crimped | crimper | crimpy | crimson | cringe | cringing | cringle | crinkle | crinkly | crinoline | cripple | crippling | crises | crisis | crisis-ridden | crisp | crispate | crispbread | crisper | crisps | crispy | criss-cross | cristate | crit | criteria | criterion | critic | critical | criticaster | criticism | criticize | critique | croak | croaker | Croat | Croatian | croc | crochet | crock | crocked | crockery | crocket | crocodile | crocodile_tears | crocodilian | crocus | Croesus | croft | crofter | cromlech | crone | crony | crook | crook-back | crook-backed | crooked | croon | crooner | crop | crop_plants | crop-eared | cropped | cropper | croquet | croquette | crosier | cross | cross_bench | cross_fire | cross_question | cross-arm | cross-armed | cross-bencher | cross-breeding | cross-check | cross-country | cross-current | cross-dress | cross-examination | cross-examine | cross-eyed | cross-fertilize | cross-grained | cross-head | cross-heading | cross-legged | cross-light | cross-polinate | cross-purpose | cross-reference | cross-section | cross-stitch | crossbar | crossbeam | crossbill | crossbones | crossbow | crossbred | crossbreed | crosscut | crosse | crosshatch | crossing | crossing_guard | crossly | crossness | crossover | crosspatch | crosspiece | crossroad | crosstrees | crosswalk | crosswind | crosswise | crossword | crotch | crotchet | crotcheteer | crotchety | croton_bug | crouch | croup | croupe | croupier | crouton | crow | crow_s_nest | crow_s-foot | crow-bill | crow-quill | crowbar | crowd | crowd_scene | crowd-pleaser | crowded | crowfoot | crown | Crown_Colony | crown_glass | crown_jewels | crown_law | Crown_prince | crown-wheel | crowned | croze | cruces | crucial | crucian | cruciate | crucible | cruciferous | crucifix | crucifixion | cruciform | crucify | crud | crude | crude_iron | crudity | crudit%C3%A9s | cruel | cruelly | cruelty | cruet | cruet-stand | cruise | cruise_missile | cruiser | cruiser-carrier | cruiserweight | cruising_speed | cruising_submarine | cruller | crumb | crumb-brush | crumble | crumbly | crumby | crummy | crump | crumpet | crumple | crunch | crupper | crural | crusade | crusader | crush | crush_bar | crush_barrier | crush-hat | crush-room | crusher | crushing | crust | crustacean | crusted | crustily | crustiness | crusty | crutch | crux | cruzado | cruzeiro | cry | crybaby | crying | cryochemistry | cryogen | cryogenics | cryolite | cryology | cryosurgery | crypt | cryptic | crypto | cryptogam | cryptogram | cryptographer | cryptozoology | crystal | crystal_gazing | crystal-clear | crystalline | crystallite | crystallization | crystallize | crystallized | crystallography | crystalloid | crystalware | cr%C3%A8che | cr%C3%AApe | csardas | ctenoid | cub | cubage | Cuban | cubbing | cubbish | cubby | cube | cubic | cubicle | cubiform | cubism | cubit | cubital | cuboid | cucking_stool | cuckold | cuckoo | cuckoo_clock | cuckooflower | cucumber | cud | cudbear | cuddle | cuddly | cuddy | cudgel | cudweed | cue | cue_ball | cueist | cuff | cuff_link | cuirass | cuirassier | cuisine | cuke | cul-de-sac | culinary | cull | cullender | cully | culm | culminate | culmination | culottes | culpability | culpable | culprit | culs-de-sac | cult | cultivate | cultivated | cultivation | cultivator | cultural | culture | cultured | culver | culvert | cum | cumber | cumbersome | Cumbrian | cumbrous | cumin | cummer | cummin | cumulate | cumulation | cumulative | cumuli | cumulonimbus | cumulus | cuneiform | cunnilingus | cunning | cunt | cup | cup_and_ball | cup_final | cup_tie | cupbearer | cupboard | cupel | cupful | Cupid | cupidity | cupola | cuppa | cupping | cupping-glass | cupreous | cupriferous | cuprite | cuprous | cuprum | cur | curability | curable | curacy | curare | curate | curative | curator | cura%C3%A7ao | curb | curb_roof | curbstone | curcuma | curd | curdle | curdy | cure | cure-all | cureless | curettage | curette | curfew | Curia | curie | curing | curio | curiosa | curiosity | curious | curiously | curium | curl | curler | curlew | curlicue | curling | curling_irons | curling_tongs | curlpaper | curly | curmudgeon | curmudgeonly | currant | currency | current | current_account | curricle | curricula | curriculum | curriculum_vitae | currier | currish | curry | currycomb | curse | cursed | cursedly | cursive | cursor | cursorial | cursory | curst | curt | curtail | curtailment | curtain | curtain_raiser | curtain-call | curtain-fire | curtained | curtilage | curtsey | curtsy | curvaceous | curvature | curve | curve_piece | curved | curvet | curvilinear | cushat | cushion | cushioncraft | cushiony | cushy | cusp | cuspid | cuspidal | cuspidate | cuspidated | cuspidor | cuss | cussed | custard | custodian | custody | custom | custom-built | custom-made | customable | customary | customer | customhouse | customize | customized | customs | cut | cut_glass | cut_sugar | cut-price | cut-rate | cut-up | cutaneous | cutaway | cutback | cute | cuticle | cutie | cutlass | cutler | cutlery | cutlet | cutoff | cutoff_date | cutout | cutter | cutthroat | cutting | cutting_area | cutting_edge | cutting_room | cuttle | cuttlefish | cutty | cutty_stool | cutwater | cutworm | cuvette | cyanic | cyanide | cyanogen | cyanosis | cyber_crime | cyber_terrorism | cybercaf%C3%A9 | cybernated | cybernation | cybernetic | cybernetics | cyberphobic | cybersickness | cyborg | cyclamen | cycle | cycle_race | cycle-car | cycler | cyclic | cyclical | cycling | cyclist | cycloid | cyclometer | cyclone | cyclopaedia | cyclopaedic | Cyclopean | cyclopedia | cyclopedic | Cyclopes | Cyclops | cyclorama | cyclotron | cyder | cygnet | cylinder | cylindrical | cymbals | cyme | cymograph | cymometer | cymoscope | Cymric | cynic | cynical | cynicism | cynosure | Cynthia | cypher | cypress | Cyprian | Cypriote | Cyrillic | cyst | cystic | cystitis | cytology | cytoplasm | czar | czardas | czarevitch | czarina | Czech | Czekh