P | pm | pa | pabular | pabulary | pabulum | pace | pacemaker | pacer | pacha | pachyderm | pachydermatous | pacific | pacification | pacificator | pacificatory | pacificist | pacifier | pacifism | pacifist | pacify | pack | pack_animal | pack_horse | pack_ice | pack_rat | pack_train | pack-running | package | package_holiday | package_tour | packager | packed | packer | packet | packet_boat | packing | packing_case | packing_needle | packing_sheet | packman | packsaddle | packthread | pact | pad | padded | padding | paddle | paddle_box | paddle_wheel | paddle-boat | paddling_pool | paddock | Paddy | paddy | paddywhack | Padishah | padlock | padre | padrone | padroni | Padshah | paean | paederasty | paediatrician | paediatrics | paedology | paedophilia | paella | paeon | pagan | pagandom | paganish | paganism | paganize | page | page_boy | pageant | pageantry | pager | paginal | paginate | pagination | pagoda | pagoda-tree | pagurian | pah | paid | paid-in | paid-up | pail | pailful | paillasse | paillette | pain | pained | painful | painkiller | painless | painstaking | paint | paint_spray_gun | paintbox | paintbrush | painted | painted_lady | painter | painting | painty | pair | -pair | pair_oar | pair-horse | pairwise | paisley | pajamas | Pakistani | pal | palace | paladin | Palaeogene | palaeographer | palaeography | palaeolithic | palaeontologist | palaeontology | Palaeozoic | palaestra | palais | palankeen | palanquin | palatable | palatal | palatalization | palatalize | palate | palatial | palatinate | palatine | palaver | pale | paleaceous | paled | paleface | Palestinian | palestra | paletot | palette | palette_knife | palfrey | Pali | palimpsest | palindrome | paling | palingenesis | palinode | palisade | palisander | palish | pall | pall-mall | palladia | palladium | pallet | pallia | palliasse | palliate | palliation | palliative | pallid | pallidness | pallium | pallor | pally | palm | palm_cat | palm_civet | palm_grease | palm_oil | palm_worm | palm-tree | Palma_Christi | palmaceous | palmar | palmary | palmate | palmcrist | palmer | palmetto | palmiped | palmipede | palmist | palmistry | palmitic | palmtop | palmy | palmyra | palp | palpability | palpable | palpal | palpate | palpation | palpi | palpitate | palpitating | palpitation | palpus | palsgrave | palstave | palsy | palter | paltry | paludal | paly | pampas | pampas_grass | pamper | pampero | pamphlet | pamphleteer | Pan | pan | Pan-American | panacea | panache | panada | panama | Panamanian | panatella | pancake | panchromatic | pancratium | pancreas | panda | Pandean | pandect | pandemic | pandemonium | pander | pandit | Pandora_s_box | pandowdy | pane | panegyric | panegyrical | panegyrist | panegyrize | panel | panel_game | panelling | panful | pang | pangolin | panhandle | panhandler | panic | panic-stricken | panicky | panicle | panicmonger | paniculate | panjandrum | panmixia | pannage | panne | pannier | pannikin | panoplied | panoply | panopticon | panorama | panoramic | panpipe | pansy | pant | pantaloon | pantechnicon | pantheism | pantheist | pantheistic | pantheistical | pantheon | panther | pantie_girdle | panties | pantile | panto | panto_f89 | pantograph | pantomime | pantomimic | pantry | pantryman | pants | pantyhose | panzer | pap | papa | papacy | papal | paparazzi | paparazzo | papaveraceous | papaverous | papaya | paper | paper_chase | paper_clip | paper_cutter | paper_fastener | paper_knife | paper_mill | paper_stainer | paper_tiger | paper-backed | paperback | paperboy | paperhanger | paperhanging | paperweight | papery | papier-m%C3%A2ch%C3%A9 | papilionaceous | papilla | papillae | papillary | papillate | papillose | papist | papistic | papistical | papistry | papoose | pappose | pappus | pappy | paprika | Papuan | papula | papulae | papular | papule | papulose | papulous | papyraceous | papyri | papyrus | par | par_avion | par_excellence | parable | parabola | parabolic | parabolical | paraboloid | paracentric | paracentrical | parachronism | parachute | parachute_jumper | parachutist | Paraclete | parade | parade_ground | paradigm | paradisaic | paradisaical | paradise | paradisiac | paradisiacal | paradisic | paradisical | parados | paradox | paradoxical | paraffin | paraffin_oil | paragon | paragraph | paragraphic | paragraphical | Paraguayan | parakeet | paralinguistics | parallax | parallel | parallelepiped | parallelism | parallelogram | paralogism | paralogize | paralyse | paralyses | paralysis | paralytic | paramagnetic | paramatta | paramedic | parameter | paramilitary | paramo | paramount | paramour | parang | paranoia | paranormal | parapack | parapet | paraph | paraphernalia | paraphrase | paraphrastic | paraplegia | parapsychology | paraselenae | paraselene | parasite | parasitic | parasitical | parasiticide | parasitism | parasitize | parasol | parataxis | parathyroid | paratrooper | paratroops | paratyphoid | paravane | parboil | parbuckle | parcel | parcel_post | parcelling | parcenary | parcener | parch | parched | parching | parchment | parcook | pardon | pardonable | pardoner | pare | paregoric | parenchyma | parent | parent_company | parentage | parental | parentheses | parenthesis | parenthesize | parenthetic | parenthetical | paresis | parget | pargeting | pargetting | parhelia | parhelion | pari_passu | pari-mutuel | pariah | pariah_dog | Parian | paries | parietal | parietes | paring | Paris | Paris_doll | parish | parish_register | parishioner | Parisian | parity | park | parka | parkin | parking | parking_lot | parkway | parky | parlance | parlay | parley | parleyvoo | parliament | parliament-cake | parliamentarian | parliamentarism | parliamentary | parlor | parlour | parlour_boarder | parlour_car | parlourmaid | parlous | parly | Parmesan | Parnassian | Parnassus | parochial | parochialism | parodist | parody | parol | parole | parolee | paronomasia | paronym | paroquet | parotid | parotitis | paroxysm | paroxysmal | parpen | parquet | parquetry | parr | parrel | parricidal | parricide | parrot | parrotry | parry | parse | parsimonious | parsimony | parsing | parsley | parsnip | parson | parsonage | parsonic | part | part_time | part-owner | part-song | part-time | part-timer | partake | partaken | partaker | partaking | parted | parterre | parthenogenesis | Parthian | parti | parti_pris | parti-coloured | partial | partiality | partible | participant | participate | participating_country | participation | participator | participial | participle | particle | particular | particularism | particularistic | particularity | particularize | particularized | particularly | parting | partisan | partisanship | partite | partition | partitionist | partitive | partly | partner | partnership | partook | partridge | partridge-wood | parturient | parturifacient | parturition | party | party_line | party_wall | party-coloured | party-goer | partying | parvenu | pas | pas_de_deux | pas_seul | paschal | pasha | pashm | pasque-flower | pasquinade | pass | pass_check | pass_degree | pass-out | pass-out_check | passable | passage | passage_boat | passageway | passant | passbook | passe-partout | passementerie | passenger | passenger_pigeon | passer | passerby | passerine | passersby | passible | passim | passing | passing_bell | passing_note | passing_track | passingly | passion | passion_fruit | passion_play | passional | passionary | passionate | passionflower | passionless | passivation | passive | passive_smoking | passivity | passkey | passman | Passover | passport | password | pass%C3%A9 | past | past_master | paste | pasteboard | pastel | paster | pastern | pasteurization | pasteurize | pasteurizer | pasticcio | pastiche | pastil | pastime | pastiness | pastor | pastoral | pastorale | pastorali | pastorate | pastorship | pastry | pastry-cook | pasturable | pasturage | pasture | pasty | pasty-faced | Pat | pat | patch | patch_pocket | patchouli | patchwork | patchy | pate | patella | patellae | paten | patency | patent | patent_leather | patent-leather | patentee | patenting | patently | pater | patera | paterae | paterfamilias | paternal | paternalism | paternity | paternity_test | paternoster | path | pathetic | pathetics | pathfinder | pathless | pathological | pathologist | pathology | pathos | pathway | patience | patient | patina | patio | patois | patriarch | patriarchal | patriarchate | patriarchy | patrician | patricidal | patricide | patrimonial | patrimony | patriot | patriotic | patriotism | patristic | patrol | patrol_bomber | patrol_car | patrolman | patron | patronage | patroness | patronize | patronymic | patsy | patten | patter | pattern | patternmaker | patty | pattypan | paucity | paunch | paunchy | pauper | pauperism | pauperization | pauperize | pause | pave | pavement | pavement_artist | paver | pavilion | paving | pavonine | paw | pawky | pawl | pawn | pawnbroker | pawnee | pawnshop | pax | pay | pay_envelope | pay_phone | pay_station | pay-as-you-earn | pay-box | pay-desk | pay-office | pay-packet | pay-sheet | payable | payday | paydirt | payee | payer | paying | paying_capacity | payload | paymaster | Paymaster_General | payment | payoff | payout | payroll | paysage | pea | pea_coal | pea_coat | pea_jacket | pea_soup | pea-brain | pea-chick | pea-souper | pea-soupy | peace | Peace_Corps | peace_march | peace_offering | peace_pipe | peace-loving | peace-minded | peace-officer | peaceable | peaceful | peacelover | peacemaker | peacenik | peacetime | peach | peach_stone | peach-coloured | peach-tree | peachy | peacock | peacock_blue | peacockery | peafowl | peahen | peak | peaked | peaky | peal | peanut | pear | pear-shaped | pear-tree | pearl | pearl_barley | pearl_button | pearl_diver | pearl_fisher | pearl_fishery | pearl_oyster | pearl_sago | pearl_shell | pearl_type | pearl-ash | pearl-powder | pearl-white | pearler | pearly | peart | peasant | peasantry | pease | peashooter | peat | peat_coal | peatbog | peatery | peatman | peatmoss | peaty | pebble | pebblestone | pebbly | pecan | peccability | peccable | peccadillo | peccancy | peccant | peccary | peck | pecker | peckish | Pecksniff | pectin | pectinate | pectinated | pectoral | peculate | peculation | peculator | peculiar | peculiarity | peculiarly | pecuniary | pedagogic | pedagogical | pedagogics | pedagogue | pedagogy | pedal | pedant | pedantic | pedantry | peddle | peddler | peddlery | peddling | pederast | pederasty | pedestal | pedestrian | pediatrics | pedicel | pedicellate | pedicle | pedicular | pediculous | pedicure | pedigree | pedigreed | pediment | pedlar | pedlary | pedology | pedometer | peduncle | peduncular | pedunculate | pee | peek | peekaboo | peel | peeler | peeling | peep | peeper | peephole | Peeping_Tom | peepshow | peer | peerage | peeress | peerless | peeve | peeved | peevish | peewit | peg | peg-top | pegamoid | Pegasus | pegging | pegmatite | peignoir | pejorative | Pekinese | Pekingese | pekoe | pelage | pelagian | pelagic | pelargonium | pelerine | pelf | pelican | pelisse | pell-mell | pellagra | pellet | pellicle | pellucid | pelt | peltate | pelting | peltry | pelves | pelvic | pelvis | Pembroke_table | pemphigus | pen | pen_and_ink | pen_friend | pen_name | pen-and-ink | pen-driver | pen-feather | pen-swan | penal | penalize | penalty | penance | penates | pence | penchant | pencil | pencil_case | pencil_sharpener | pencilled | pencraft | pendant | pendency | pendent | pendente_lite | pending | pendulous | pendulum | Penelope | peneplain | penes | penetrability | penetrable | penetralia | penetrate | penetrating | penetration | penetrative | penguin | penholder | penicillin | peninsula | peninsular | penis | penitence | penitent | penitential | penitentiary | penknife | penman | penmanship | penmate | penn_orth | pennant | pennies | penniless | pennon | penny | penny_dreadful | penny_post | penny_wise | penny-a-line | penny-a-liner | penny-in-the-slot | penny-in-the-slot_machine | penny-pinching | penny-worth | pennyroyal | pennyweight | pennywort | pennyworth | penology | pensile | pension | pensionable | pensionary | pensioner | pensive | penstock | pens%C3%A9e | pent | pent-up | penta | pentachord | pentad | pentagon | pentagonal | pentagram | pentahedral | pentahedron | pentameter | pentangular | pentasyllable | Pentateuch | pentathlon | Pentecost | penthouse | pentode | penult | penultimate | penumbra | penurious | penury | penwiper | peon | peonage | peony | people | pep | pep_talk | pepper | pepper_pot | pepper-and-salt | pepper-caster | pepper-castor | pepperbox | peppercorn | peppermint | peppery | peppy | pepsin | peptic | peptone | per | per_cent | per_se | perambulate | perambulation | perambulator | percale | perceive | percentage | percentagewise | percept | perceptibility | perceptible | perception | perceptional | perceptive | perceptivity | perch | perchance | perchloric | percipient | percolate | percolation | percolator | percuss | percussion | percussive | percutaneous | perdition | perdu | perdue | perdurable | peregrin | peregrinate | peregrination | peregrine | peremptory | perennial | perennially | perestroika | perfect | perfectibility | perfectible | perfection | perfectionism | perfectly | perfidious | perfidy | perforate | perforated | perforation | perforator | perforce | perform | performance | performer | performing | perfume | perfumed | perfumer | perfumery | perfunctory | perfuse | pergameneous | pergola | perhaps | peri | perianth | periapt | pericardia | pericarditis | pericardium | pericarp | pericrania | pericranium | peridot | perigee | perihelia | perihelion | peril | perilous | perilune | perimeter | perimorph | perinatal | perinea | perineum | period | periodic | periodical | periodically | periodicity | periostea | periosteum | periostitis | peripatetic | peripeteia | peripetia | peripheral | periphery | periphrases | periphrasis | periphrastic | peripteral | periscope | perish | perishable | perisher | perishing | peristalsis | peristaltic | peristyle | peritonaeum | peritonea | peritoneal | peritoneum | peritonitis | periwig | periwigged | periwinkle | perjure | perjured | perjurer | perjury | perk | perky | perlustrate | perm | permafrost | permalloy | permanence | permanency | permanent | permanently | permanganate | permanganic | permeability | permeable | permeance | permeate | permeation | Permian | permissibility | permissible | permission | permissive | permissiveness | permit | permittance | permittivity | permutation | permute | pern | pernicious | pernickety | perorate | peroration | peroxide | perpendicular | perpendicularity | perpetrate | perpetration | perpetrator | perpetual | perpetuate | perpetuation | perpetuity | perplex | perplexedly | perplexity | perquisite | perron | perry | perse | persecute | persecution | persecutor | Perseus | perseverance | persevere | persevering | Persian | persiennes | persiflage | persilicic | persimmon | persist | persistence | persistency | persistent | persnickety | person | persona | personable | personae | personage | personal | personal_organizer | personalia | personality | personalize | personally | personalty | personate | personation | personification | personify | personnel | perspective | perspicacious | perspicacity | perspicuity | perspicuous | perspiration | perspire | persuadable | persuade | persuader | persuasion | persuasive | persuasiveness | pert | pertain | pertinacious | pertinacity | pertinence | pertinency | pertinent | perturb | perturbation | pertussis | peruke | perusal | peruse | Peruvian | perv | pervade | pervasion | pervasive | perverse | perversion | perversity | perversive | pervert | perverted | pervertible | pervious | peseta | pesky | peso | pessary | pessimism | pessimist | pessimistic | pest | pest_house | pester | pesthole | pesticide | pestiferous | pestilence | pestilent | pestilential | pestle | pet | petal | petard | peter | Peter_s_fish | Peter_s_pence | peterman | petersham | petiole | petite | petition | petitionary | petitioner | petrel | petrifaction | petrify | petrochemistry | petrodollar | petrography | petrol | petrol_station | petrolatum | petroleum | petrolic | petroliferous | petrology | petrous | petticoat | pettifog | pettifogger | pettifogging | petting | pettish | pettitoes | petto | petty | petty_jury | petty_officer | petulance | petulant | petunia | petuntse | pew | pew-rent | pewit | pewter | pfennig | pfenning | phaeton | phagocyte | phalange | phalanges | phalanx | phalli | phallus | phanerogam | phanerogamic | phanerogamous | phantasm | phantasmagoria | phantasmagoric | phantasmal | phantasy | phantom | Pharaoh | Pharisaic | Pharisaical | Pharisaism | Pharisee | pharmaceutical | pharmaceutics | pharmaceutist | pharmacologist | pharmacology | pharmacopoeia | pharmacy | pharos | pharyngitis | pharynx | phase | phasic | pheasant | phenol | phenology | phenomena | phenomenal | phenomenalism | phenomenism | phenomenon | phenotype | phew | phi | phial | philander | philanderer | philanthrope | philanthropic | philanthropist | philanthropize | philanthropy | philatelic | philatelist | philately | philharmonic | philhellenic | philippic | Philippine | Philistine | Philistinism | phillumenist | philobiblic | philogynist | philological | philologist | philology | Philomel | Philomela | philoprogenitive | philosopher | philosophic | philosophical | philosophize | philosophy | philtre | phiz | phlebitis | phlebotomy | phlegm | phlegmatic | phlegmon | phloem | phlogistic | phlox | phobia | Phoebe | Phoebus | Phoenician | phoenix | phonal | phone | phone_book | phoneme | phonemic | phonetic | phonetician | phoneticize | phonetics | phoney | phonic | phonics | phonogram | phonograph | phonographic | phonography | phonological | phonology | phonometer | phonopathy | phonoscope | phony | phosgene | phosphate | phosphide | phosphite | Phosphor | phosphor_bronze | phosphorate | phosphoresce | phosphorescence | phosphorescent | phosphoric | phosphorite | phosphorous | phosphorus | phot | photic | photo | photo-offset | photoactive | photobiotic | photocell | photochemistry | photochromy | photoconductivity | photocopier | photoelectric | photoelectricity | photofinish | photogenic | photograph | photographer | photographic | photography | photogravure | photojournalism | photolithography | photolysis | photomechanical | photomechanics | photometer | photometric | photometry | photomicrograph | photomicrography | photomontage | photon | photophobia | photoplay | photoprint | photosensitive | photosphere | Photostat | photosynthesis | phototelegraphy | phototherapy | phototransistor | phototube | phototype | photozincography | phrasal_verb | phrase | phrase_book | phrasemonger | phraseological | phraseology | phrenetic | phrenic | phrenological | phrenologist | phrenology | Phrygian | phthisic | phthisical | phthisis | phut | phyla | phylactery | phyllophagous | phylloxera | phylogenesis | phylum | physic | physical | physician | physicist | physics | physiocrat | physiognomic | physiognomical | physiognomist | physiognomy | physiographer | physiographic | physiography | physiologic | physiological | physiologist | physiology | physiotherapy | physique | phytogenesis | phytophagous | pi | pi-meson | pia_mater | piaffe | pianette | pianino | pianissimo | pianist | piano | piano_organ | piano-player | pianoforte | pianola | piaster | piastre | piazza | pibroch | pic | pica | picador | picaresque | picaroon | picayune | piccalilli | piccaninny | piccolo | pick | pick-me-up | pickaback | pickaninny | pickax | pickaxe | picked | picker | pickerel | picket | picket_line | picking | pickle | pickled | picklock | pickpocket | pickup | Pickwickian | picky | picnic | picnicker | picric | pictography | pictorial | picture | picture_book | picture_card | picture_gallery | picture_palace | picture_postcard | picture_show | picture_theatre | picture_writing | picturesque | piddle | piddling | pidgin_English | pie | pie_chart | piebald | piece | piece_rate | piece-goods | piecemeal | piecework | pieceworker | piecrust | pied | pieman | pieplant | pier | pier_glass | pierage | pierce | piercer | piercing | Pierian | pierrette | pierrot | pietism | pietist | piety | piezochemistry | piezoelectricity | piezometer | piffle | pig | pig_iron | pig_s_wash | pigeon | pigeon_pair | pigeon-chested | pigeon-hearted | pigeon-toed | pigeongram | pigeonhole | pigeonry | piggery | piggish | piggy | piggy-wiggy | piggyback | pigheaded | pigling | pigment | pigmental | pigmentary | pigmentation | pigmy | pignut | pigpen | pigskin | pigsticking | pigsty | pigswill | pigtail | pigwash | pigweed | pike | pikelet | piker | pikestaff | pilaff | pilaster | pilau | pilaw | pilch | pilchard | pile | pile_driver | pile-dwelling | piled | pilfer | pilferage | pilferer | pilgrim | pilgrimage | pill | pillage | pillar | pillar_box | pillbox | pillion | pilliwinks | pillock | pillory | pillow | pillow_slip | pillow_talk | pillowcase | pillowsham | pillowy | pillule | pilose | pilot | pilot_balloon | pilot_engine | pilot_fish | pilot-cloth | pilot-film | pilotage | pilothouse | pilous | pilule | pimento | pimp | pimpernel | pimping | pimple | pimpled | pimply | pin | pin_money | pinafore | pinaster | pince-nez | pincer_movement | pincers | pincette | pinch | pinchbeck | pinchers | pincushion | Pindaric | pine | pine-cone | pine-needle | pine-tree | pineal | pineapple | pinery | pinfold | ping | ping-pong | pinguid | pinhead | pinhole | pinion | pinioned | pink | pinkeye | pinking_scissors | pinking_shears | pinkish | Pinkster | pinkster_flower | pinky | pinna | pinnace | pinnacle | pinnae | pinnate | pinnated | pinniped | pinnothere | pinnule | pinny | pinochle | pinocle | pinole | pinpoint | pinprick | pinstripe | pinstriped | pint | pinta | pintado | pintail | pintle | pinto | pinup | piny | pioneer | pious | pip | pip-squeak | pipage | pipe | pipe_dream | pipe_fitter | pipe-fish | pipe-laying | pipeclay | pipeful | pipeline | piper | pipette | piping | pipit | pipkin | pippin | pippin-faced | pipy | piquancy | piquant | pique | piquet | piqu%C3%A9 | piracy | piragua | piranha | pirate | piratical | pirn | pirogue | pirouette | pis_aller | piscatorial | piscatory | Pisces | pisciculture | pisciculturist | piscina | piscinae | piscine | piscivorous | pish | pishogue | pisiform | pismire | pisolite | piss | piss_artist | piss-pot | pissed | pissed_off | pistachio | pistil | pistillate | pistol | pistol-shot | pistole | piston | piston-rod | pit | pit_bull_terrier | pit-a-pat | pitch | pitch_indicator | pitch_pine | pitch-black | pitch-dark | pitch-pipe | pitchblende | pitched | pitcher | pitchfork | pitchman | pitchy | piteous | pitfall | pith | pith_fleck | pithecanthrope | pithecoid | pithily | pithless | pithy | pitiable | pitiful | pitiless | pitman | pittance | pitter-patter | pittite | pituitary | pity | pitying | pityingly | pivot | pivotal | pix | pixel | pixie | pixilated | pixy | pizza | pizzazz | pizzeria | pizzicato | pi%C3%A8ce_de_r%C3%A9sistance | pi%C3%A8ces_de_r%C3%A9sistance | placability | placable | placard | placate | placatory | place | place_card | place_of_arms | place-holder | place-hunter | place-name | placebo | placeman | placement | placenta | placentae | placer | placet | placid | placidity | placket | placket-hole | plafond | plage | plagiarism | plagiarist | plagiarize | plague | plague-spot | plaguesome | plaguy | plaice | plaid | plain | plain-clothes_man | plainly | plainness | plainsman | plainspoken | plaint | plaintiff | plaintive | plait | plan | plane | plane_geometry | plane_table | plane_tree | planer | planet | planet-stricken | planet-struck | planetaria | planetarium | planetary | planetoid | plangent | planish | plank | plank-bed | planking | plankton | planless | planned | planner | planoconcave | planoconvex | plant | plant_louse | plant_pathology | plantain | plantar | plantation | planted | planter | plantigrade | plaque | plash | plasm | plasma | plaster | plaster_cast | plastered | plasterer | plastic | plasticine | plasticity | plastron | plat | plat_du_jour | platan | platband | plate | plate_glass | plate_powder | plate-basket | plate-mark | plate-rack | plateau | plateaux | plateful | platelayer | platelet | platen | plater | platform | platform_shoes | plating | platinize | platinoid | platinum | platitude | platitudinous | Plato | Platonic | platoon | platter | platypus | plaudit | plausibility | plausible | play | play-by-play | play-day | play-field | play-off | playable | playact | playactor | playbill | playboy | played-out | player | playfellow | playful | playgame | playgoer | playground | playhouse | playing_card | playing_field | playlet | playmate | plaything | playtime | playwright | plaza | plea | pleach | plead | pleader | pleading | pleasant | pleasantly | pleasantness | pleasantry | please | pleasing | pleasurable | pleasure | pleasure_seeker | pleasure-boat | pleasure-ground | pleat | pleb | plebeian | plebiscite | pled | pledge | pledgee | pledget | Pleiad | Pleiades | Pleistocene | plena | plenary | plenipotentiary | plenishing | plenitude | plenteous | plentiful | plenty | plenum | pleonasm | pleonastic | plethora | plethoric | pleura | pleurae | pleurisy | pleuritic | plexiglass | plexor | plexus | pliability | pliable | pliancy | pliant | plica | plicae | plicate | plicated | plication | pliers | plight | Plimsoll_line | Plimsoll_mark | plimsolls | plinth | Pliocene | pliofilm | pliss%C3%A9 | plod | plodder | plodding | plonk | plop | plosion | plosive | plot | plotter | plotting_paper | plough | plough-tail | ploughland | ploughman | ploughshare | plover | plow | ploy | pluck | plucky | plug | plug-chain | plug-hat | plug-switch | plug-ugly | plum | plum_cake | plum_duff | plum_pudding | plum-tree | plumage | plumb | plumb_line | plumbaginous | plumbago | plumbeous | plumber | plumbery | plumbic | plumbing | plumbum | plume | plumelet | plummet | plummy | plumose | plump | plumper | plumule | plumy | plunder | plunderage | plunge | plunge-bath | plunger | plunging | plunk | pluperfect | plural | pluralism | plurality | plus | plus_fours | plush | plushy | Pluto | plutocracy | plutocrat | Plutonian | plutonic | plutonium | pluvial | pluviometer | pluvious | ply | Plymouth_Rock | plywood | pm_307 | pneumatic | pneumatics | pneumonia | pneumonic | po-faced | poach | poached_egg | poacher | poachy | pochard | pochette | pock | pocket | pocket_camera | pocket_knife | pocket_money | pocket_piece | pocket_pistol | pocket_veto | pocket-size | pocketbook | pocketful | pockety | pockmark | pockmarked | pocky | poco | pococurante | pod | podagra | podagric | podded | podge | podgy | podia | podiatry | podium | poem | poet | poetaster | poetess | poetic | poetical | poeticize | poetics | poetize | poetry | poignancy | poignant | poignantly | point | point_duty | point-blank | pointed | pointedly | pointer | pointful | pointillism | pointing | pointless | pointsman | poise | poison | poison_gas | poison-pen_letter | poisoner | poisoning | poisonous | poke | poker | poker_face | poker-faced | pokerwork | pokey | poky | polar | polar_bear | polar_circle | polar_fox | polar_lights | polarity | polarization | polarize | polder | Pole | pole | pole_jump | Pole_Star | pole_vault | pole-axe | pole-jump | pole-jumping | pole-vault | pole-vaulting | polecat | polemic | polemical | polenta | police | police_court | police_magistrate | police_office | police_officer | police_state | police_station | policeman | policlinic | policy | policy-making | policyholder | polio | poliomyelitis | Polish | polish | polished | polite | politely | politeness | politesse | politic | political | political_correctness | political_economy | political_prisoner | politically | politically_correct | politician | politicize | politico | politics | polity | polk | polka | polka_dot | poll | poll_parrot | poll_tax | poll-beast | poll-cow | poll-ox | pollack | pollard | pollen | pollinate | pollination | polling | polling_booth | polling_place | polling_station | pollock | pollutant | pollute | pollution | polly | polo | polo_mallet | polo_neck | polo-stick | polonaise | polonium | polony | poltergeist | poltroon | poltroonery | poly | polyadelphous | polyandry | polyanthus | polyatomic | polychromatic | polychrome | polyclinic | polyester | polyethylene | polygamous | polygamy | polyglot | polygon | polygonal | polygraph | polygyny | polyhedra | polyhedral | polyhedron | polymath | polymer | polymeric | polymerization | polymerize | polymorphism | polymorphous | Polynesian | polynia | polynomial | polyp | polyphonic | polyphony | polypi | polypody | polypoid | polypous | polypus | polysemantic | polysemy | polyspast | polystyrene | polysyllabic | polysyllable | polytechnic | polytheism | polythene | polyurethane | polyvalent | polyzonal | pom | pomace | pomade | pomander | pomatum | pomegranate | pomelo | Pomeranian | pomiculture | pommel | pommy | pomology | pomp | pompadour | pompier | pompier_ladder | pompom | pompon | pomposity | pompous | ponce | ponceau | poncho | pond | pondage | ponder | ponderability | ponderable | ponderosity | ponderous | pone | pong | pongee | pongo | poniard | pontiff | pontifical | pontificate | pontoon | pony | ponytail | pooch | pood | poodle | poof | poofter | pooh | Pooh-Bah | pooh-pooh | pool | pooled | poolroom | poop | poor | poor_box | poor_law | poor-rate | poor-spirited | poorhouse | poorly | poove | pop | pop_art | pop_group | pop_music | pop_star | pop-eyed | popcorn | pope | popery | popgun | popinjay | popish | poplar | poplin | popliteal | poppa | poppet | poppet-head | poppet-valve | poppied | popple | poppy | poppycock | pops | popshop | popsy | populace | popular | popularity | popularization | popularize | popularly | populate | population | populism | populist | populous | porbeagle | porcelain | porcellaneous | porch | porcine | porcupine | pore | poriferous | pork | pork_barrel | pork_pie | porker | porkling | porkpie_hat | porky | porn | porno | pornographic | pornography | porosity | porous | porphyry | porpoise | porridge | porringer | port | portability | portable | portacrib | portage | portal | portative | portcullis | Porte | portend | portent | portentous | porter | porterage | porterhouse | portfire | portfolio | porthole | portico | portion | portionless | porti%C3%A8re | Portland | Portland_cement | portliness | portly | portmanteau | portmanteau_word | portmanteaux | portrait | portraitist | portraiture | portray | portrayal | portreeve | portress | Portuguese | pose | poser | poseur | posh | posit | position | positional | positive | positively | positivism | positron | posse | possess | possessed | possession | possessive | possessor | possessory | posset | possibility | possible | possibly | possum | post | post_captain | post_chaise | post_exchange | post_meridiem | Post_Office | post_e51 | post-bellum | post-coach | post-free | post-horse | post-house | post-industrial | post-obit | post-office | post-paid | post-postscript | post-town | postage | postage_stamp | postal | postbag | postbox | postcard | postcode | postdate | postdiluvial | postdiluvian | poste_restante | poster | posterior | posteriority | posteriorly | posterity | postern | postglacial | postgraduate | posthaste | posthumous | postie | postilion | postillion | postman | postmark | postmaster | postmaster_general | postmeridian | postmistress | postmortem | postnatal | postnuptial | postpone | postponement | postposition | postpositive | postprandial | postscript | postulant | postulate | posture | postwar | posy | pot | pot_hat | pot_luck | pot_paper | pot_roast | pot_still | pot_valour | pot-valiant | potability | potable | potage | potash | potash-soap | potassium | potation | potato | potato-box | potato-trap | potbelly | potboiler | potboy | poteen | potency | potent | potentate | potential | potentiality | potentiate | potentiometer | potheen | pother | potherb | pothole | pothook | pothouse | pothunter | potion | potman | potpourri | potsherd | potshot | pott | pottage | potted | potter | pottery | pottle | potto | potty | pouch | pouched | pouchy | poulard | poult | poulterer | poultice | poultry | pounce | pound | pound_cake | poundage | pounder | -pounder | pour | pourboire | pouring | pourparler | pout | pouter | poverty | poverty-stricken | powder | powder_flask | powder_keg | powder_magazine | powder_mill | powder_monkey | powder_puff | powder_room | powdered | powdery | power | power_circuit | power_dive | power_plant | power_politics | power_saw | power_shovel | power_source | power_station | power_unit | powerboat | powerful | powerhouse | powerless | powwow | pox | poxy | praam | practicability | practicable | practical | practicality | practically | practice | practician | practise | practised | practitioner | praepostor | praetor | praetorian | pragmatic | pragmatical | pragmatism | prairie | prairie_chicken | prairie_dog | prairie_hen | prairie_schooner | prairie_wolf | praise | praiseworthy | Prakrit | praline | pram | prance | prancing | prandial | prang | prank | prankish | prase | praseodymium | prat | prate | prater | pratfall | praties | pratincole | pratique | prattle | prattler | prawn | praxis | pray | prayer | prayer_book | prayer-mat | prayerful | praying | pre | pre-Christian | pre-Columbian | pre-Depression | Pre-Raphaelite | pre-set | pre-shrunk | pre-trial | preach | preacher | preachify | preaching | preachment | preachy | preadolescent | preamble | prearrange | preaudience | prebend | prebendary | precapitalist | precarious | precast | precative | precaution | precautionary | precede | precedence | precedent | preceding | precentor | precept | preceptive | preceptor | preceptorial | preceptress | precession | precinct | preciosity | precious | precipice | precipitance | precipitancy | precipitant | precipitate | precipitation | precipitous | precise | precisely | precisian | precisianism | precision | preclude | preclusion | precocious | precocity | precognition | preconceive | preconceived | preconception | preconcert | preconcerted | precondition | preconize | preconquest | preconscious | precontract | precook | precostal | precursor | precursory | predacious | predate | predator | predatory | predawn | predecease | predecessor | predella | predestination | predestine | predetermine | predial | predicament | predicant | predicate | predication | predicative | predict | predictable | predicted | prediction | predictive | predictor | predilection | predispose | predisposition | predominance | predominant | predominantly | predominate | predoom | preelection | preeminence | preeminent | preempt | preemption | preen | preestablish | preexist | prefab | prefabricate | prefabricated | preface | prefatory | prefect | prefecture | prefer | preferable | preferably | preference | preferential | preferment | preferred | prefix | preform | pregnable | pregnancy | pregnant | preheat | prehensile | prehension | prehistoric | prehuman | prejudge | prejudgement | prejudice | prejudicial | prelacy | prelate | prelect | prelection | prelector | prelim | preliminary | prelude | prelusive | premarital | premature | prematurity | premeditate | premeditated | premeditation | premier | premise | premiss | premium | premi%C3%A8re | premonition | premonitory | prenatal | prentice | preoccupation | preoccupied | preoccupy | preordain | preordination | prep | prep_school | prepack | prepackage | prepacked | prepaid | preparation | preparative | preparatory | preparatory_school | prepare | prepared | preparedness | prepay | prepense | preplan | preponderance | preponderant | preponderate | preposition | prepositional | prepositive | prepossess | prepossessing | prepossession | preposterous | prepotency | prepotent | preprandial | preprint | preprocessor | preproduction | prepuce | prerequisite | prerogative | presage | presbyopia | presbyter | Presbyterian | presbytery | preschool | prescience | prescient | prescind | prescribe | prescript | prescription | prescriptive | preselect | preselection | preselector | presence | presence_chamber | present | present-day | presentable | presentation | presentative | presentee | presenter | presentiment | presently | presentment | preservation | preservative | preserve | preside | presidency | president | president-elect | presidential | presidentship | presidio | presidium | press | press_agency | press_agent | press_bed | press_box | press_button | press_clipping | press_conference | press_corrector | press_cutting | press_gallery | press_office | press_officer | press_people | press_photographer | press_proof | press_release | press_secretary | press-gang | press-up | pressie | pressing | pressman | pressmark | pressroom | pressure | pressure_cooker | pressure_gauge | pressure_suit | pressure-cooking | pressurize | prestidigitation | prestidigitator | prestige | presto | presumable | presumably | presume | presumedly | presuming | presumption | presumptive | presumptuous | presuppose | presupposition | preteen | pretence | pretend | pretended | pretender | pretense | pretension | pretentious | pretentiousness | preterhuman | preterit | preterite | preterm | pretermission | pretermit | preternatural | pretext | prettify | prettily | pretty | pretty-pretty | pretzel | prevail | prevailing | prevalence | prevalent | prevaricate | prevarication | prevaricator | prevenance | prevenient | prevent | preventer | prevention | preventive | preview | previous | previously | previse | prevision | prewar | prey | prezzie | price | price_boom | price_current | price_index | price_level | price_list | price_ring | price_tag | price_war | price_wave | price-cutting | price-slashing | priced | priceless | pricey | pricing | prick | prick-eared | prick-ears | pricker | pricket | pricking | prickle | prickly | prickly_heat | prickly_pear | pricy | pride | priest | priest-ridden | priestcraft | priestess | priesthood | priestling | priestly | prig | priggish | prill | prim | prima_ballerina | prima_donna | prima_facie | primacy | primaeval | primage | primal | primarily | primary | primate | primatology | prime | prime_time | primely | primer | primeval | primigravida | primigravidae | priming | primitive | primitivism | primness | primogenitor | primogeniture | primordial | primp | primrose | primula | primum_mobile | Primus | primus_inter_pares | prince | princeling | princely | princess | principal | principality | principally | principle | principled | prink | print | print-seller | print-shop | printable | printed_matter | printer | printery | printing | printing_ink | printing_machine | printing_press | printing-house | printing-office | printworks | prior | prioress | priority | priory | prise | prism | prismatic | prison | prison-breaker | prison-breaking | prison-house | prisoner | prissy | pristine | prithee | privacy | private | privateer | privateering | privately | privation | privative | privatize | privet | privilege | privileged | privity | privy | prize | prize_court | prize_money | prize-holder | prize-ring | prizefight | prizefighter | prizefighting | prizeman | prizewinner | pro | pro_and_con | pro_hac_vice | pro_rata | pro_tem | pro_tempore | pro_74a | pro-life | proa | probability | probable | probably | probate | probation | probation_officer | probationary | probationer | probative | probe | probity | problem | problematic | problematical | problematically | problematist | problemist | proboscidean | proboscidian | proboscis | procedural | procedure | proceed | proceeding | proceeds | process | process_server | processed_cheese | processing | procession | processional | processionist | processor | proclaim | proclamation | proclitic | proclivity | proconsul | proconsular | proconsulate | procrastinate | procrastination | procreate | procreation | Procrustean | proctology | proctor | proctorial | proctorship | proctoscope | procumbent | procurable | procuration | procurator | procure | procurement | procurer | procuress | proc%C3%A8s-verbal | proc%C3%A8s-verbaux | prod | prodigal | prodigality | prodigally | prodigious | prodigy | prodrome | produce | producer | producible | product | production | productive | productivity | proem | prof | profanation | profane | profanity | profess | professed | professedly | profession | professional | professionalism | professionalize | professionally | professor | professorate | professorial | professoriate | professorship | proffer | proficiency | proficient | profile | profiling_machine | profit | profit_sharing | profit-seeking | profitable | profitably | profiteer | profiterole | profligacy | profligate | proforma | profound | profoundness | profundity | profuse | profusely | profusion | prog | progenitive | progenitor | progenitress | progenitrix | progeny | progesterone | prognathous | prognoses | prognosis | prognostic | prognosticate | prognostication | program | programme | programme_music | programmer | programming | progress | progression | progressionist | progressist | progressive | prohibit | prohibition | prohibitionist | prohibitive | prohibitory | project | projectile | projection | projector | prolapse | prolapsus | prolate | prole | prolegomena | proletarian | proletariat | proletariate | proletary | proliferate | proliferation | proliferous | prolific | prolificacy | prolix | prolixity | prolocutor | prologize | prologue | prolong | prolongation | prolonged | prolusion | promenade | Promethean | Prometheus | prominence | prominency | prominent | promiscuity | promiscuous | promise | promised | promisee | promising | promisor | promissory | promo | promontory | promote | promoter | promotion | promotion_man | prompt | prompt_box | prompt_side | promptbook | prompter | prompting | promptitude | promptly | promulgate | promulgation | prone | proneur | prong | pronged | pronominal | pronoun | pronounce | pronounceable | pronounced | pronouncedly | pronouncement | pronouncing | pronto | pronunciation | proof | -proof | proof_room | proof_sheet | proofread | proofreader | proofreading | prop | propaedeutic | propaedeutical | propaedeutics | propaganda | propagandist | propagandize | propagate | propagation | propel | propellant | propellent | propeller | propelling | propensity | proper | properly | propertied | property | property_room | property-man | property-master | property-owning | prophecy | prophesy | prophet | prophetess | prophetic | prophetical | prophylactic | prophylaxes | prophylaxis | prophylaxy | propinquity | propitiate | propitiation | propitiator | propitiatory | propitious | propolis | propone | proponent | proportion | proportionable | proportional | proportionality | proportionate | proposal | propose | proposer | proposition | propound | propraetor | proprietary | proprietor | proprietorship | proprietress | propriety | props | proptosis | propulsion | propulsive | prorate | prorogation | prorogue | prosaic | prosaically | prosaism | prosaist | proscenia | proscenium | proscribe | proscription | prose | prosector | prosecute | prosecution | prosecutor | proselyte | proselytize | prosify | prosit | prosody | prosopopoeia | prospect | prospective | prospector | prospectus | prosper | prosperity | prosperous | prostate | prostheses | prosthesis | prosthetic | prostitute | prostitution | prostrate | prostration | prostyle | prosy | protactinium | protagonist | protases | protasis | protean | protect | protection | protectionism | protectionist | protective | protector | protectorate | protectorship | protectory | protectress | protein | protest | Protestant | Protestantism | Protestantize | protestation | Proteus | protista | protocol | proton | protoplasm | protoplasmatic | protoplasmic | protoplast | protoplastic | prototype | protoxide | protozoa | protozoology | protract | protracted | protractedly | protractile | protraction | protractor | protrude | protruding | protrusion | protrusive | protuberance | protuberant | prot%C3%A9g%C3%A9 | prot%C3%A9g%C3%A9e | proud | proud-spirited | proud-stomached | proudly | prove | proven | provenance | provender | provenience | Proven%C3%A7al | proverb | proverbial | provide | provided | providence | provident | providential | providently | provider | providing | province | provincial | provincialism | provinciality | provincialize | provision | provisional | proviso | provisory | provitamin | provocation | provocative | provoke | provoking | provost | prow | prowess | prowl | prowl_car | prowler | proximate | proxime_accessit | proximity | proximo | proxy | proxy_server | prude | prudence | prudent | prudential | prudery | prudish | prune | prunella | prurience | pruriency | prurient | Prussian | prussic_acid | pry | pr%C3%A9cis | psalm | psalmist | psalmody | psalter | psaltery | pseud | pseud_732 | pseudo | pseudomorphism | pseudonym | pseudonymous | pshaw | psittacosis | psora | psoriasis | psych | Psyche | psyche | psychedelic | psychiatric | psychiatrical | psychiatrist | psychiatry | psychic | psychical | psychics | psycho | psychoanalysis | psychoanalyst | psychodrama | psychokinesis | psychological | psychologist | psychology | psychopath | psychoses | psychosis | psychosomatic | psychotherapy | psychotic | ptarmigan | pterodactyl | pterosaur | ptisan | Ptolemaic | ptomaine | pub | puberty | pubescence | pubescent | pubis | public | public_convenience | public_enemy | public_health | public_house | public_relations | public_school | publican | publication | publicist | publicity | publicize | publicly | publish | publisher | publishing | publishment | puce | puck | pucka | pucker | puckish | pud | puddening | pudding | pudding_stone | pudding-head | puddingy | puddle | puddling_furnace | puddly | pudency | pudenda | pudendum | pudge | pudgy | pueblo | puerile | puerility | puerperal | Puerto_Rican | puff | puff_adder | puff_pastry | puffball | puffbox | puffed | puffery | puffin | puffy | pug | pug_mill | pug_nose | pug-dog | pug-nosed | puggaree | pugilism | pugilist | pugilistic | pugnacious | pugnacity | puisne | puissance | puissant | puke | pukka | pukkah | pulchritude | pule | pull | pull-back | pull-in | pull-on | pull-out | pull-up | pulled | puller | pullet | pulley | pullicate | Pullman | pullover | pullthrough | pullulate | pulmonary | pulp | pulpit | pulpiteer | pulpy | pulsar | pulsate | pulsatile | pulsation | pulsatory | pulse | pulverization | pulverize | pulverizer | pulverulent | pulwar | puma | pumice | pumice_stone | pummel | pump | pump_iron | pump_room | pump-handle | pumpkin | pumpkin-head | pun | Punch | punch | punch_bowl | punch_press | punchbag | punchball | puncheon | puncher | Punchinello | punchy | punctate | punctated | punctilio | punctilious | punctual | punctuality | punctuate | punctuation | puncture | punctured | pundit | pungency | pungent | Punic | punish | punishable | punishment | punitive | Punjabi | punk | punnet | punster | punt | punter | puny | pup | pupa | pupae | pupal | pupate | pupation | pupil | pupilage | pupilary | pupillage | pupillary | puppet | puppet-play | puppet-show | puppeteer | puppetry | puppy | puppyism | purblind | purchasable | purchase | purchaser | purchasing_power | purdah | pure | pure-minded | pureblooded | purebred | puree | purely | purgation | purgative | purgatorial | purgatory | purge | purification | purificatory | purifier | purify | purism | purist | puristic | puritan | puritanic | puritanical | puritanism | purity | purl | purler | purlieu | purlin | purloin | purple | purple-fish | purport | purpose | purposeful | purposeless | purposely | purposive | purr | purree | purse | purse_strings | purse-bearer | purse-proud | purser | purslane | pursuance | pursuant | pursue | pursuer | pursuit | pursuit_plane | pursuivant | pursy | purulent | purvey | purveyance | purveyor | purview | pus | push | push_button | push-ball | push-bicycle | push-pull | push-up | pushcart | pushchair | pusher | pushful | pushing | pushover | pushpin | Pushtoo | Pushtu | pusillanimity | pusillanimous | puss | pussy | pussy_willow | pussycat | pussyfoot | pustular | pustulate | pustule | pustulous | put | put-off | put-on | put-up | putative | putlog | putrefaction | putrefactive | putrefy | putrescence | putrid | putridity | putsch | putt | puttee | putter | puttie | puttier | putting | putting_green | putting-stone | putty | puzzle | puzzle-headed | puzzle-pated | puzzlement | puzzler | puzzling | pyaemia | pyedog | pygmaean | pygmean | pygmy | pyjamas | pylon | pylori | pylorus | pyorrhoea | pyramid | pyramidal | pyre | pyretic | pyrites | pyro-electricity | pyromania | pyromaniac | pyrometer | pyrotechnic | pyrotechnics | pyrotechnist | pyroxene | pyroxylin | Pyrrhic | pyrrhic | Pyrrhonism | Pyrrhonist | pyrrol | Pythagoras_theorem | Pythagorean | Pythian | python | pythoness | pyx | pyxides | pyxis | p%C3%A2t%C3%A9